[
    {
        "name": "A",
        "address": "127.0.0.1:2001",
        "title": "B",
        "type": "C",
        "isCurrUrl": false,
        "ext":{
            "update" : {
                "1":{
                    "resourceUrl": "BBBB",
                    "dataUrl": "AAAA",
                    "clientDataVersion": 0,
                    "clientSilenceDataVersion": 0,
                    "clientDataMd5": "",
                    "clientSilenceDataMd5": "",
                    "clientVersionSuffix": "",
                    "clientSilenceVersionSuffix": "",
                    "resVersionConfig": {
                        "relogin": false,
                        "md5": "A",
                        "version": 0,
                        "releaseTotalSize": "",
                        "bersionSuffix": "",
                        "branch": ""
                    }
                },
                "2":{
                    "resourceUrl": "AAAA",
                    "dataUrl": "BBBB",
                    "clientDataVersion": 0,
                    "clientSilenceDataVersion": 0,
                    "clientDataMd5": "",
                    "clientSilenceDataMd5": "",
                    "clientVersionSuffix": "",
                    "clientSilenceVersionSuffix": "",
                    "resVersionConfig": {
                        "relogin": false,
                        "md5": "",
                        "version": 0,
                        "releaseTotalSize": "",
                        "bersionSuffix": "",
                        "branch": ""
                    }
                }
            },
            "regionCustomConfig": {
                "coverSwitch": ["8"],
                "perf_report_config_url": "http://127.0.0.1/api/perf_report_config/config/verify",
                "perf_report_record_url": "http://127.0.0.1/api/perf_report_record/dataUpload"
            }
        }
    },
    {
        "name": "B",
        "address": "http://127.0.0.1:222",
        "title": "C",
        "type": "D",
        "isCurrUrl": true
    }
]